"2IQN46UXFCD4ZA2JPS4STTKKU3EUS9"	"2DS9RNDWIOV1MKISZIKG013YDCAGV7"	"Judge the price!"	"A fun HIT (10-15 mins) asking you to judge the prices of various items."	"prices,survey,language,psychology,experiment"	"$0.80"	"Mon Apr 01 10:27:03 PDT 2013"	"20"	"0"	"0"	"20"	"Reviewable"	"NotReviewed"	"1 1"	"3600"	"60000"	"Tue Apr 02 03:07:03 PDT 2013"	"http://requester.mturk.com/mturk/manageHIT?HITId=2IQN46UXFCD4ZA2JPS4STTKKU3EUS9"	"2LEJTUHYW2GTJMHF3XWWS16DE6PKP3"	"AJSTOFYJCC87B"	"Approved"	"Tue Apr 02 03:10:23 PDT 2013"	"Mon Apr 01 10:27:47 PDT 2013"	"Mon Apr 01 10:30:23 PDT 2013"	"Mon Apr 01 15:32:14 PDT 2013"	""	""	""	""	"[""Beverly"",""Devin"",""Felix"",""Heather"",""Jessie"",""Leslie"",""Nell"",""Percy"",""Steph"",""Uri"",""Terrance"",""Randy"",""Owen"",""Morgan"",""Kasey"",""Iris"",""George"",""Ellis"",""Chris"",""Alex"",""Beverly"",""Devin"",""Felix"",""Heather"",""Jessie"",""Leslie"",""Nell"",""Percy"",""Steph"",""Uri"",""Terrance"",""Randy"",""Owen"",""Morgan"",""Kasey"",""Iris"",""George"",""Ellis"",""Chris"",""Alex"",""Beverly"",""Devin"",""Felix"",""Heather"",""Jessie"",""Leslie"",""Nell"",""Percy"",""Steph"",""Uri"",""Terrance"",""Randy"",""Owen"",""Morgan"",""Kasey"",""Iris"",""George"",""Ellis"",""Chris"",""Alex""]"	""""""	"""F"""	"2"	"""English"""	"[25,15,57,31,20,29,4,5,33,41,35,21,8,1,19,55,38,44,6,9,3,40,59,32,17,37,39,7,14,43,23,34,36,49,42,27,45,24,18,56,60,48,16,12,58,2,26,47,11,54,53,51,30,46,13,10,22,28,52,50]"	"[""electric kettle"",""electric kettle"",""electric kettle"",""electric kettle"",""electric kettle"",""electric kettle"",""electric kettle"",""electric kettle"",""electric kettle"",""electric kettle"",""coffee maker"",""coffee maker"",""coffee maker"",""coffee maker"",""coffee maker"",""coffee maker"",""coffee maker"",""coffee maker"",""coffee maker"",""coffee maker"",""headphones"",""headphones"",""headphones"",""headphones"",""headphones"",""headphones"",""headphones"",""headphones"",""headphones"",""headphones"",""sweater"",""sweater"",""sweater"",""sweater"",""sweater"",""sweater"",""sweater"",""sweater"",""sweater"",""sweater"",""watch"",""watch"",""watch"",""watch"",""watch"",""watch"",""watch"",""watch"",""watch"",""watch"",""laptop"",""laptop"",""laptop"",""laptop"",""laptop"",""laptop"",""laptop"",""laptop"",""laptop"",""laptop""]"	"""6"""	"[""14"",""10"",""11"",""31"",""22"",""8"",""29"",""15"",""28"",""6"",""35"",""13"",""22"",""27"",""9"",""14"",""25"",""14"",""27"",""17"",""17"",""25"",""27"",""7"",""23"",""16"",""7"",""13"",""28"",""15"",""8"",""15"",""7"",""8"",""24"",""25"",""12"",""34"",""28"",""13"",""28"",""23"",""16"",""13"",""10"",""13"",""24"",""23"",""13"",""14"",""24"",""24"",""26"",""10"",""13"",""14"",""25"",""13"",""16"",""16""]"	"""25"""	"[13.99,21.99,29.99,37.99,45.99,53.99,61.99,69.99,77.99,85.99,15.95,30.84,45.73,60.63,75.52,90.42,105.31,120.2,135.1,149.99,19.57,50.73,81.89,113.05,144.21,175.36,206.52,237.68,268.84,300,16.58,29.74,42.89,56.05,69.21,82.37,95.53,108.68,121.84,135,46.83,130.52,214.2,297.89,381.57,465.26,548.94,632.63,716.31,800,314.44,468.39,622.34,776.29,930.24,1084.19,1238.14,1392.09,1546.04,1699.99]"
"2IQN46UXFCD4ZA2JPS4STTKKU3EUS9"	"2DS9RNDWIOV1MKISZIKG013YDCAGV7"	"Judge the price!"	"A fun HIT (10-15 mins) asking you to judge the prices of various items."	"prices,survey,language,psychology,experiment"	"$0.80"	"Mon Apr 01 10:27:03 PDT 2013"	"20"	"0"	"0"	"20"	"Reviewable"	"NotReviewed"	"1 1"	"3600"	"60000"	"Tue Apr 02 03:07:03 PDT 2013"	"http://requester.mturk.com/mturk/manageHIT?HITId=2IQN46UXFCD4ZA2JPS4STTKKU3EUS9"	"25OAVKI62NJQWEX7VE0QN6BO1QWKSJ"	"A63759KWVJ94F"	"Approved"	"Tue Apr 02 03:11:07 PDT 2013"	"Mon Apr 01 10:28:16 PDT 2013"	"Mon Apr 01 10:31:07 PDT 2013"	"Mon Apr 01 15:32:16 PDT 2013"	""	""	""	""	"[""Beverly"",""Devin"",""Felix"",""Heather"",""Jessie"",""Leslie"",""Nell"",""Percy"",""Steph"",""Uri"",""Terrance"",""Randy"",""Owen"",""Morgan"",""Kasey"",""Iris"",""George"",""Ellis"",""Chris"",""Alex"",""Beverly"",""Devin"",""Felix"",""Heather"",""Jessie"",""Leslie"",""Nell"",""Percy"",""Steph"",""Uri"",""Terrance"",""Randy"",""Owen"",""Morgan"",""Kasey"",""Iris"",""George"",""Ellis"",""Chris"",""Alex"",""Beverly"",""Devin"",""Felix"",""Heather"",""Jessie"",""Leslie"",""Nell"",""Percy"",""Steph"",""Uri"",""Terrance"",""Randy"",""Owen"",""Morgan"",""Kasey"",""Iris"",""George"",""Ellis"",""Chris"",""Alex""]"	"""Interesting. Thank you."""	"""F"""	"2"	"""English"""	"[15,46,44,56,12,58,38,21,26,34,16,28,27,57,35,20,33,30,49,10,1,53,39,54,51,42,7,43,17,19,50,13,6,32,18,22,59,40,9,52,2,25,37,55,29,5,36,3,60,45,48,23,4,8,41,14,31,24,47,11]"	"[""electric kettle"",""electric kettle"",""electric kettle"",""electric kettle"",""electric kettle"",""electric kettle"",""electric kettle"",""electric kettle"",""electric kettle"",""electric kettle"",""coffee maker"",""coffee maker"",""coffee maker"",""coffee maker"",""coffee maker"",""coffee maker"",""coffee maker"",""coffee maker"",""coffee maker"",""coffee maker"",""headphones"",""headphones"",""headphones"",""headphones"",""headphones"",""headphones"",""headphones"",""headphones"",""headphones"",""headphones"",""sweater"",""sweater"",""sweater"",""sweater"",""sweater"",""sweater"",""sweater"",""sweater"",""sweater"",""sweater"",""watch"",""watch"",""watch"",""watch"",""watch"",""watch"",""watch"",""watch"",""watch"",""watch"",""laptop"",""laptop"",""laptop"",""laptop"",""laptop"",""laptop"",""laptop"",""laptop"",""laptop"",""laptop""]"	"""4"""	"[""9"",""10"",""10"",""10"",""8"",""10"",""10"",""10"",""10"",""8"",""3"",""8"",""10"",""9"",""10"",""11"",""10"",""8"",""8"",""10"",""3"",""9"",""10"",""10"",""10"",""10"",""10"",""9"",""10"",""9"",""10"",""10"",""10"",""9"",""6"",""10"",""10"",""8"",""11"",""10"",""15"",""9"",""10"",""9"",""11"",""18"",""10"",""23"",""10"",""10"",""10"",""9"",""20"",""10"",""10"",""10"",""8"",""10"",""9"",""11""]"	"""25"""	"[13.99,21.99,29.99,37.99,45.99,53.99,61.99,69.99,77.99,85.99,15.95,30.84,45.73,60.63,75.52,90.42,105.31,120.2,135.1,149.99,19.57,50.73,81.89,113.05,144.21,175.36,206.52,237.68,268.84,300,16.58,29.74,42.89,56.05,69.21,82.37,95.53,108.68,121.84,135,46.83,130.52,214.2,297.89,381.57,465.26,548.94,632.63,716.31,800,314.44,468.39,622.34,776.29,930.24,1084.19,1238.14,1392.09,1546.04,1699.99]"
"2IQN46UXFCD4ZA2JPS4STTKKU3EUS9"	"2DS9RNDWIOV1MKISZIKG013YDCAGV7"	"Judge the price!"	"A fun HIT (10-15 mins) asking you to judge the prices of various items."	"prices,survey,language,psychology,experiment"	"$0.80"	"Mon Apr 01 10:27:03 PDT 2013"	"20"	"0"	"0"	"20"	"Reviewable"	"NotReviewed"	"1 1"	"3600"	"60000"	"Tue Apr 02 03:07:03 PDT 2013"	"http://requester.mturk.com/mturk/manageHIT?HITId=2IQN46UXFCD4ZA2JPS4STTKKU3EUS9"	"2YNR14IXKO2L3F7J811633YSSQHBAV"	"A2UX7ZJEGGU5"	"Approved"	"Tue Apr 02 03:13:12 PDT 2013"	"Mon Apr 01 10:27:47 PDT 2013"	"Mon Apr 01 10:33:12 PDT 2013"	"Mon Apr 01 15:32:15 PDT 2013"	""	""	""	""	"[""Alex"",""Chris"",""Ellis"",""George"",""Iris"",""Kasey"",""Morgan"",""Owen"",""Randy"",""Terrance"",""Uri"",""Steph"",""Percy"",""Nell"",""Leslie"",""Jessie"",""Heather"",""Felix"",""Devin"",""Beverly"",""Alex"",""Chris"",""Ellis"",""George"",""Iris"",""Kasey"",""Morgan"",""Owen"",""Randy"",""Terrance"",""Uri"",""Steph"",""Percy"",""Nell"",""Leslie"",""Jessie"",""Heather"",""Felix"",""Devin"",""Beverly"",""Alex"",""Chris"",""Ellis"",""George"",""Iris"",""Kasey"",""Morgan"",""Owen"",""Randy"",""Terrance"",""Uri"",""Steph"",""Percy"",""Nell"",""Leslie"",""Jessie"",""Heather"",""Felix"",""Devin"",""Beverly""]"	"""Fun HIT!"""	"""F"""	"1"	"""English"""	"[42,43,29,49,48,50,59,25,39,15,8,40,18,17,57,26,54,14,28,4,19,47,41,34,53,45,52,22,44,2,32,55,20,58,23,46,60,6,7,56,30,11,51,37,3,27,10,35,16,21,9,13,24,31,33,36,12,38,1,5]"	"[""electric kettle"",""electric kettle"",""electric kettle"",""electric kettle"",""electric kettle"",""electric kettle"",""electric kettle"",""electric kettle"",""electric kettle"",""electric kettle"",""coffee maker"",""coffee maker"",""coffee maker"",""coffee maker"",""coffee maker"",""coffee maker"",""coffee maker"",""coffee maker"",""coffee maker"",""coffee maker"",""headphones"",""headphones"",""headphones"",""headphones"",""headphones"",""headphones"",""headphones"",""headphones"",""headphones"",""headphones"",""sweater"",""sweater"",""sweater"",""sweater"",""sweater"",""sweater"",""sweater"",""sweater"",""sweater"",""sweater"",""watch"",""watch"",""watch"",""watch"",""watch"",""watch"",""watch"",""watch"",""watch"",""watch"",""laptop"",""laptop"",""laptop"",""laptop"",""laptop"",""laptop"",""laptop"",""laptop"",""laptop"",""laptop""]"	"""6"""	"[""11"",""16"",""10"",""13"",""16"",""16"",""18"",""25"",""30"",""29"",""1"",""11"",""10"",""20"",""17"",""26"",""30"",""30"",""30"",""30"",""1"",""14"",""31"",""30"",""30"",""30"",""31"",""30"",""29"",""30"",""2"",""11"",""10"",""14"",""20"",""28"",""27"",""39"",""39"",""30"",""0"",""30"",""30"",""30"",""30"",""29"",""39"",""29"",""39"",""39"",""1"",""11"",""23"",""25"",""28"",""39"",""39"",""40"",""30"",""30""]"	"""35"""	"[9.99,17.99,25.99,33.99,41.99,49.99,57.99,65.99,73.99,81.99,8.5,23.39,38.29,53.18,68.07,82.97,97.86,112.76,127.65,142.54,3.99,35.15,66.31,97.47,128.63,159.78,190.94,222.1,253.26,284.42,10,23.16,36.32,49.47,62.63,75.79,88.95,102.11,115.26,128.42,4.99,88.68,172.36,256.05,339.73,423.42,507.1,590.79,674.47,758.16,237.47,391.42,545.37,699.32,853.27,1007.22,1161.17,1315.12,1469.07,1623.02]"
"2IQN46UXFCD4ZA2JPS4STTKKU3EUS9"	"2DS9RNDWIOV1MKISZIKG013YDCAGV7"	"Judge the price!"	"A fun HIT (10-15 mins) asking you to judge the prices of various items."	"prices,survey,language,psychology,experiment"	"$0.80"	"Mon Apr 01 10:27:03 PDT 2013"	"20"	"0"	"0"	"20"	"Reviewable"	"NotReviewed"	"1 1"	"3600"	"60000"	"Tue Apr 02 03:07:03 PDT 2013"	"http://requester.mturk.com/mturk/manageHIT?HITId=2IQN46UXFCD4ZA2JPS4STTKKU3EUS9"	"298KPEIB9BAWF5C2LVWV3UD727T0X2"	"A1YK1P623MZGNF"	"Approved"	"Tue Apr 02 03:13:13 PDT 2013"	"Mon Apr 01 10:28:26 PDT 2013"	"Mon Apr 01 10:33:13 PDT 2013"	"Mon Apr 01 15:32:14 PDT 2013"	""	""	""	""	"[""Beverly"",""Devin"",""Felix"",""Heather"",""Jessie"",""Leslie"",""Nell"",""Percy"",""Steph"",""Uri"",""Terrance"",""Randy"",""Owen"",""Morgan"",""Kasey"",""Iris"",""George"",""Ellis"",""Chris"",""Alex"",""Beverly"",""Devin"",""Felix"",""Heather"",""Jessie"",""Leslie"",""Nell"",""Percy"",""Steph"",""Uri"",""Terrance"",""Randy"",""Owen"",""Morgan"",""Kasey"",""Iris"",""George"",""Ellis"",""Chris"",""Alex"",""Beverly"",""Devin"",""Felix"",""Heather"",""Jessie"",""Leslie"",""Nell"",""Percy"",""Steph"",""Uri"",""Terrance"",""Randy"",""Owen"",""Morgan"",""Kasey"",""Iris"",""George"",""Ellis"",""Chris"",""Alex""]"	""""""	"""F"""	"2"	"""english"""	"[38,5,26,56,52,35,31,45,57,44,21,48,33,3,49,24,18,13,36,4,40,32,11,2,14,43,42,6,17,29,51,27,9,19,8,41,46,25,34,39,15,7,58,60,53,54,50,10,28,30,1,22,55,23,47,12,20,59,37,16]"	"[""electric kettle"",""electric kettle"",""electric kettle"",""electric kettle"",""electric kettle"",""electric kettle"",""electric kettle"",""electric kettle"",""electric kettle"",""electric kettle"",""coffee maker"",""coffee maker"",""coffee maker"",""coffee maker"",""coffee maker"",""coffee maker"",""coffee maker"",""coffee maker"",""coffee maker"",""coffee maker"",""headphones"",""headphones"",""headphones"",""headphones"",""headphones"",""headphones"",""headphones"",""headphones"",""headphones"",""headphones"",""sweater"",""sweater"",""sweater"",""sweater"",""sweater"",""sweater"",""sweater"",""sweater"",""sweater"",""sweater"",""watch"",""watch"",""watch"",""watch"",""watch"",""watch"",""watch"",""watch"",""watch"",""watch"",""laptop"",""laptop"",""laptop"",""laptop"",""laptop"",""laptop"",""laptop"",""laptop"",""laptop"",""laptop""]"	"""4"""	"[""1"",""4"",""13"",""6"",""17"",""11"",""10"",""19"",""18"",""22"",""0"",""5"",""15"",""10"",""11"",""15"",""19"",""18"",""21"",""21"",""5"",""18"",""19"",""29"",""28"",""30"",""31"",""36"",""33"",""33"",""3"",""13"",""13"",""5"",""13"",""22"",""22"",""22"",""24"",""27"",""3"",""10"",""17"",""18"",""18"",""21"",""18"",""18"",""21"",""21"",""10"",""19"",""28"",""27"",""33"",""33"",""38"",""35"",""38"",""36""]"	"""55"""	"[13.99,21.99,29.99,37.99,45.99,53.99,61.99,69.99,77.99,85.99,15.95,30.84,45.73,60.63,75.52,90.42,105.31,120.2,135.1,149.99,19.57,50.73,81.89,113.05,144.21,175.36,206.52,237.68,268.84,300,16.58,29.74,42.89,56.05,69.21,82.37,95.53,108.68,121.84,135,46.83,130.52,214.2,297.89,381.57,465.26,548.94,632.63,716.31,800,314.44,468.39,622.34,776.29,930.24,1084.19,1238.14,1392.09,1546.04,1699.99]"
"2IQN46UXFCD4ZA2JPS4STTKKU3EUS9"	"2DS9RNDWIOV1MKISZIKG013YDCAGV7"	"Judge the price!"	"A fun HIT (10-15 mins) asking you to judge the prices of various items."	"prices,survey,language,psychology,experiment"	"$0.80"	"Mon Apr 01 10:27:03 PDT 2013"	"20"	"0"	"0"	"20"	"Reviewable"	"NotReviewed"	"1 1"	"3600"	"60000"	"Tue Apr 02 03:07:03 PDT 2013"	"http://requester.mturk.com/mturk/manageHIT?HITId=2IQN46UXFCD4ZA2JPS4STTKKU3EUS9"	"2JM8P9Y38TWWRVTXQ39M6JTEW18ZIT"	"AMVBZXM810ZMA"	"Approved"	"Tue Apr 02 03:13:50 PDT 2013"	"Mon Apr 01 10:28:31 PDT 2013"	"Mon Apr 01 10:33:50 PDT 2013"	"Mon Apr 01 15:32:15 PDT 2013"	""	""	""	""	"[""Alex"",""Chris"",""Ellis"",""George"",""Iris"",""Kasey"",""Morgan"",""Owen"",""Randy"",""Terrance"",""Uri"",""Steph"",""Percy"",""Nell"",""Leslie"",""Jessie"",""Heather"",""Felix"",""Devin"",""Beverly"",""Alex"",""Chris"",""Ellis"",""George"",""Iris"",""Kasey"",""Morgan"",""Owen"",""Randy"",""Terrance"",""Uri"",""Steph"",""Percy"",""Nell"",""Leslie"",""Jessie"",""Heather"",""Felix"",""Devin"",""Beverly"",""Alex"",""Chris"",""Ellis"",""George"",""Iris"",""Kasey"",""Morgan"",""Owen"",""Randy"",""Terrance"",""Uri"",""Steph"",""Percy"",""Nell"",""Leslie"",""Jessie"",""Heather"",""Felix"",""Devin"",""Beverly""]"	"""Thanks for the survey and best of luck in your research."""	"""M"""	"1"	"""English"""	"[16,40,36,59,6,17,14,37,21,35,55,57,26,32,41,48,18,12,15,52,20,53,25,3,4,9,31,39,54,47,33,11,10,49,42,34,23,56,19,30,1,2,50,28,60,27,58,7,22,5,29,44,43,8,24,13,46,51,45,38]"	"[""electric kettle"",""electric kettle"",""electric kettle"",""electric kettle"",""electric kettle"",""electric kettle"",""electric kettle"",""electric kettle"",""electric kettle"",""electric kettle"",""coffee maker"",""coffee maker"",""coffee maker"",""coffee maker"",""coffee maker"",""coffee maker"",""coffee maker"",""coffee maker"",""coffee maker"",""coffee maker"",""headphones"",""headphones"",""headphones"",""headphones"",""headphones"",""headphones"",""headphones"",""headphones"",""headphones"",""headphones"",""sweater"",""sweater"",""sweater"",""sweater"",""sweater"",""sweater"",""sweater"",""sweater"",""sweater"",""sweater"",""watch"",""watch"",""watch"",""watch"",""watch"",""watch"",""watch"",""watch"",""watch"",""watch"",""laptop"",""laptop"",""laptop"",""laptop"",""laptop"",""laptop"",""laptop"",""laptop"",""laptop"",""laptop""]"	"""4"""	"[""1"",""9"",""10"",""10"",""30"",""29"",""29"",""29"",""29"",""30"",""1"",""10"",""9"",""20"",""30"",""30"",""30"",""29"",""30"",""39"",""1"",""9"",""29"",""39"",""39"",""39"",""39"",""39"",""39"",""39"",""1"",""10"",""20"",""20"",""29"",""30"",""29"",""30"",""30"",""30"",""0"",""30"",""30"",""30"",""29"",""30"",""39"",""40"",""39"",""39"",""10"",""10"",""10"",""30"",""29"",""29"",""35"",""39"",""38"",""39""]"	"""35"""	"[9.99,17.99,25.99,33.99,41.99,49.99,57.99,65.99,73.99,81.99,8.5,23.39,38.29,53.18,68.07,82.97,97.86,112.76,127.65,142.54,3.99,35.15,66.31,97.47,128.63,159.78,190.94,222.1,253.26,284.42,10,23.16,36.32,49.47,62.63,75.79,88.95,102.11,115.26,128.42,4.99,88.68,172.36,256.05,339.73,423.42,507.1,590.79,674.47,758.16,237.47,391.42,545.37,699.32,853.27,1007.22,1161.17,1315.12,1469.07,1623.02]"
"2IQN46UXFCD4ZA2JPS4STTKKU3EUS9"	"2DS9RNDWIOV1MKISZIKG013YDCAGV7"	"Judge the price!"	"A fun HIT (10-15 mins) asking you to judge the prices of various items."	"prices,survey,language,psychology,experiment"	"$0.80"	"Mon Apr 01 10:27:03 PDT 2013"	"20"	"0"	"0"	"20"	"Reviewable"	"NotReviewed"	"1 1"	"3600"	"60000"	"Tue Apr 02 03:07:03 PDT 2013"	"http://requester.mturk.com/mturk/manageHIT?HITId=2IQN46UXFCD4ZA2JPS4STTKKU3EUS9"	"2LDYHVI44OS2EYKD9S5ZYBATLP2Y4L"	"AOF7TQQOL7IT8"	"Approved"	"Tue Apr 02 03:14:04 PDT 2013"	"Mon Apr 01 10:29:12 PDT 2013"	"Mon Apr 01 10:34:04 PDT 2013"	"Mon Apr 01 15:32:15 PDT 2013"	""	""	""	""	"[""Beverly"",""Devin"",""Felix"",""Heather"",""Jessie"",""Leslie"",""Nell"",""Percy"",""Steph"",""Uri"",""Terrance"",""Randy"",""Owen"",""Morgan"",""Kasey"",""Iris"",""George"",""Ellis"",""Chris"",""Alex"",""Beverly"",""Devin"",""Felix"",""Heather"",""Jessie"",""Leslie"",""Nell"",""Percy"",""Steph"",""Uri"",""Terrance"",""Randy"",""Owen"",""Morgan"",""Kasey"",""Iris"",""George"",""Ellis"",""Chris"",""Alex"",""Beverly"",""Devin"",""Felix"",""Heather"",""Jessie"",""Leslie"",""Nell"",""Percy"",""Steph"",""Uri"",""Terrance"",""Randy"",""Owen"",""Morgan"",""Kasey"",""Iris"",""George"",""Ellis"",""Chris"",""Alex""]"	""""""	"""F"""	"2"	"""English"""	"[23,28,9,15,27,39,11,32,35,42,48,40,36,8,43,2,31,49,12,24,54,37,58,45,34,5,20,19,59,50,41,3,1,47,25,30,17,7,10,21,29,22,60,18,16,6,4,53,14,44,26,33,55,52,51,57,38,46,13,56]"	"[""electric kettle"",""electric kettle"",""electric kettle"",""electric kettle"",""electric kettle"",""electric kettle"",""electric kettle"",""electric kettle"",""electric kettle"",""electric kettle"",""coffee maker"",""coffee maker"",""coffee maker"",""coffee maker"",""coffee maker"",""coffee maker"",""coffee maker"",""coffee maker"",""coffee maker"",""coffee maker"",""headphones"",""headphones"",""headphones"",""headphones"",""headphones"",""headphones"",""headphones"",""headphones"",""headphones"",""headphones"",""sweater"",""sweater"",""sweater"",""sweater"",""sweater"",""sweater"",""sweater"",""sweater"",""sweater"",""sweater"",""watch"",""watch"",""watch"",""watch"",""watch"",""watch"",""watch"",""watch"",""watch"",""watch"",""laptop"",""laptop"",""laptop"",""laptop"",""laptop"",""laptop"",""laptop"",""laptop"",""laptop"",""laptop""]"	"""4"""	"[""8"",""15"",""20"",""29"",""23"",""30"",""30"",""38"",""32"",""33"",""7"",""10"",""16"",""30"",""29"",""39"",""34"",""29"",""30"",""34"",""2"",""16"",""29"",""31"",""32"",""30"",""34"",""39"",""40"",""40"",""2"",""10"",""30"",""27"",""26"",""29"",""27"",""40"",""40"",""40"",""13"",""26"",""30"",""34"",""29"",""40"",""39"",""36"",""40"",""40"",""4"",""10"",""13"",""10"",""17"",""26"",""25"",""25"",""30"",""26""]"	"""65"""	"[13.99,21.99,29.99,37.99,45.99,53.99,61.99,69.99,77.99,85.99,15.95,30.84,45.73,60.63,75.52,90.42,105.31,120.2,135.1,149.99,19.57,50.73,81.89,113.05,144.21,175.36,206.52,237.68,268.84,300,16.58,29.74,42.89,56.05,69.21,82.37,95.53,108.68,121.84,135,46.83,130.52,214.2,297.89,381.57,465.26,548.94,632.63,716.31,800,314.44,468.39,622.34,776.29,930.24,1084.19,1238.14,1392.09,1546.04,1699.99]"
"2IQN46UXFCD4ZA2JPS4STTKKU3EUS9"	"2DS9RNDWIOV1MKISZIKG013YDCAGV7"	"Judge the price!"	"A fun HIT (10-15 mins) asking you to judge the prices of various items."	"prices,survey,language,psychology,experiment"	"$0.80"	"Mon Apr 01 10:27:03 PDT 2013"	"20"	"0"	"0"	"20"	"Reviewable"	"NotReviewed"	"1 1"	"3600"	"60000"	"Tue Apr 02 03:07:03 PDT 2013"	"http://requester.mturk.com/mturk/manageHIT?HITId=2IQN46UXFCD4ZA2JPS4STTKKU3EUS9"	"2XIY2RCJK63ZPRTMN5BUOAQDZZ76V6"	"AQHMXM5LLEP2N"	"Approved"	"Tue Apr 02 03:14:12 PDT 2013"	"Mon Apr 01 10:29:03 PDT 2013"	"Mon Apr 01 10:34:12 PDT 2013"	"Mon Apr 01 15:32:14 PDT 2013"	""	""	""	""	"[""Alex"",""Chris"",""Ellis"",""George"",""Iris"",""Kasey"",""Morgan"",""Owen"",""Randy"",""Terrance"",""Uri"",""Steph"",""Percy"",""Nell"",""Leslie"",""Jessie"",""Heather"",""Felix"",""Devin"",""Beverly"",""Alex"",""Chris"",""Ellis"",""George"",""Iris"",""Kasey"",""Morgan"",""Owen"",""Randy"",""Terrance"",""Uri"",""Steph"",""Percy"",""Nell"",""Leslie"",""Jessie"",""Heather"",""Felix"",""Devin"",""Beverly"",""Alex"",""Chris"",""Ellis"",""George"",""Iris"",""Kasey"",""Morgan"",""Owen"",""Randy"",""Terrance"",""Uri"",""Steph"",""Percy"",""Nell"",""Leslie"",""Jessie"",""Heather"",""Felix"",""Devin"",""Beverly""]"	"""It wouldn't let me move the slider 100% to the left or the right, I could only slide it 99%."""	"""M"""	"1"	"""English"""	"[54,46,26,8,22,16,50,35,38,39,40,28,42,58,18,9,7,27,3,57,30,11,6,56,49,60,29,41,5,51,36,44,10,43,33,24,53,48,2,12,25,37,1,15,47,59,17,20,19,4,31,13,21,45,52,23,14,34,32,55]"	"[""electric kettle"",""electric kettle"",""electric kettle"",""electric kettle"",""electric kettle"",""electric kettle"",""electric kettle"",""electric kettle"",""electric kettle"",""electric kettle"",""coffee maker"",""coffee maker"",""coffee maker"",""coffee maker"",""coffee maker"",""coffee maker"",""coffee maker"",""coffee maker"",""coffee maker"",""coffee maker"",""headphones"",""headphones"",""headphones"",""headphones"",""headphones"",""headphones"",""headphones"",""headphones"",""headphones"",""headphones"",""sweater"",""sweater"",""sweater"",""sweater"",""sweater"",""sweater"",""sweater"",""sweater"",""sweater"",""sweater"",""watch"",""watch"",""watch"",""watch"",""watch"",""watch"",""watch"",""watch"",""watch"",""watch"",""laptop"",""laptop"",""laptop"",""laptop"",""laptop"",""laptop"",""laptop"",""laptop"",""laptop"",""laptop""]"	"""6"""	"[""1"",""3"",""8"",""5"",""14"",""16"",""17"",""15"",""23"",""26"",""1"",""4"",""14"",""12"",""14"",""25"",""25"",""27"",""40"",""31"",""0"",""0"",""10"",""15"",""24"",""24"",""34"",""37"",""30"",""34"",""0"",""8"",""0"",""18"",""9"",""16"",""19"",""30"",""35"",""34"",""0"",""14"",""25"",""30"",""35"",""32"",""36"",""37"",""40"",""40"",""4"",""5"",""20"",""26"",""29"",""33"",""36"",""38"",""39"",""39""]"	"""25"""	"[9.99,17.99,25.99,33.99,41.99,49.99,57.99,65.99,73.99,81.99,8.5,23.39,38.29,53.18,68.07,82.97,97.86,112.76,127.65,142.54,3.99,35.15,66.31,97.47,128.63,159.78,190.94,222.1,253.26,284.42,10,23.16,36.32,49.47,62.63,75.79,88.95,102.11,115.26,128.42,4.99,88.68,172.36,256.05,339.73,423.42,507.1,590.79,674.47,758.16,237.47,391.42,545.37,699.32,853.27,1007.22,1161.17,1315.12,1469.07,1623.02]"
"2IQN46UXFCD4ZA2JPS4STTKKU3EUS9"	"2DS9RNDWIOV1MKISZIKG013YDCAGV7"	"Judge the price!"	"A fun HIT (10-15 mins) asking you to judge the prices of various items."	"prices,survey,language,psychology,experiment"	"$0.80"	"Mon Apr 01 10:27:03 PDT 2013"	"20"	"0"	"0"	"20"	"Reviewable"	"NotReviewed"	"1 1"	"3600"	"60000"	"Tue Apr 02 03:07:03 PDT 2013"	"http://requester.mturk.com/mturk/manageHIT?HITId=2IQN46UXFCD4ZA2JPS4STTKKU3EUS9"	"2QHGSNTL0XULLTDY7OUMSDX9V39M04"	"AEEIIA2Z4SRYY"	"Approved"	"Tue Apr 02 03:14:29 PDT 2013"	"Mon Apr 01 10:28:57 PDT 2013"	"Mon Apr 01 10:34:29 PDT 2013"	"Mon Apr 01 15:32:15 PDT 2013"	""	""	""	""	"[""Beverly"",""Devin"",""Felix"",""Heather"",""Jessie"",""Leslie"",""Nell"",""Percy"",""Steph"",""Uri"",""Terrance"",""Randy"",""Owen"",""Morgan"",""Kasey"",""Iris"",""George"",""Ellis"",""Chris"",""Alex"",""Beverly"",""Devin"",""Felix"",""Heather"",""Jessie"",""Leslie"",""Nell"",""Percy"",""Steph"",""Uri"",""Terrance"",""Randy"",""Owen"",""Morgan"",""Kasey"",""Iris"",""George"",""Ellis"",""Chris"",""Alex"",""Beverly"",""Devin"",""Felix"",""Heather"",""Jessie"",""Leslie"",""Nell"",""Percy"",""Steph"",""Uri"",""Terrance"",""Randy"",""Owen"",""Morgan"",""Kasey"",""Iris"",""George"",""Ellis"",""Chris"",""Alex""]"	"""I think the perceived value of each item is an interesting thing to judge from person to person, especially if you compare that to their income range"""	"""F"""	"2"	"""English"""	"[32,43,26,54,56,53,46,5,20,38,55,8,1,44,7,14,29,22,12,23,6,57,4,48,16,15,39,45,13,21,58,50,28,27,17,9,3,47,19,37,42,34,51,35,2,33,52,60,36,41,24,18,11,59,25,10,40,49,30,31]"	"[""electric kettle"",""electric kettle"",""electric kettle"",""electric kettle"",""electric kettle"",""electric kettle"",""electric kettle"",""electric kettle"",""electric kettle"",""electric kettle"",""coffee maker"",""coffee maker"",""coffee maker"",""coffee maker"",""coffee maker"",""coffee maker"",""coffee maker"",""coffee maker"",""coffee maker"",""coffee maker"",""headphones"",""headphones"",""headphones"",""headphones"",""headphones"",""headphones"",""headphones"",""headphones"",""headphones"",""headphones"",""sweater"",""sweater"",""sweater"",""sweater"",""sweater"",""sweater"",""sweater"",""sweater"",""sweater"",""sweater"",""watch"",""watch"",""watch"",""watch"",""watch"",""watch"",""watch"",""watch"",""watch"",""watch"",""laptop"",""laptop"",""laptop"",""laptop"",""laptop"",""laptop"",""laptop"",""laptop"",""laptop"",""laptop""]"	"""4"""	"[""0"",""9"",""2"",""16"",""15"",""20"",""20"",""15"",""21"",""21"",""6"",""10"",""16"",""20"",""22"",""25"",""27"",""28"",""36"",""30"",""10"",""22"",""22"",""30"",""40"",""40"",""39"",""40"",""40"",""40"",""2"",""10"",""14"",""16"",""20"",""31"",""35"",""29"",""22"",""33"",""10"",""27"",""40"",""33"",""31"",""36"",""40"",""40"",""40"",""40"",""5"",""9"",""10"",""20"",""20"",""18"",""22"",""22"",""30"",""31""]"	"""25"""	"[13.99,21.99,29.99,37.99,45.99,53.99,61.99,69.99,77.99,85.99,15.95,30.84,45.73,60.63,75.52,90.42,105.31,120.2,135.1,149.99,19.57,50.73,81.89,113.05,144.21,175.36,206.52,237.68,268.84,300,16.58,29.74,42.89,56.05,69.21,82.37,95.53,108.68,121.84,135,46.83,130.52,214.2,297.89,381.57,465.26,548.94,632.63,716.31,800,314.44,468.39,622.34,776.29,930.24,1084.19,1238.14,1392.09,1546.04,1699.99]"
"2IQN46UXFCD4ZA2JPS4STTKKU3EUS9"	"2DS9RNDWIOV1MKISZIKG013YDCAGV7"	"Judge the price!"	"A fun HIT (10-15 mins) asking you to judge the prices of various items."	"prices,survey,language,psychology,experiment"	"$0.80"	"Mon Apr 01 10:27:03 PDT 2013"	"20"	"0"	"0"	"20"	"Reviewable"	"NotReviewed"	"1 1"	"3600"	"60000"	"Tue Apr 02 03:07:03 PDT 2013"	"http://requester.mturk.com/mturk/manageHIT?HITId=2IQN46UXFCD4ZA2JPS4STTKKU3EUS9"	"2K6SCWY2AOO2AZCJCTFGWSCQMWD22E"	"A1Y25W1Y7KDE5"	"Approved"	"Tue Apr 02 03:14:55 PDT 2013"	"Mon Apr 01 10:29:52 PDT 2013"	"Mon Apr 01 10:34:55 PDT 2013"	"Mon Apr 01 15:32:14 PDT 2013"	""	""	""	""	"[""Alex"",""Chris"",""Ellis"",""George"",""Iris"",""Kasey"",""Morgan"",""Owen"",""Randy"",""Terrance"",""Uri"",""Steph"",""Percy"",""Nell"",""Leslie"",""Jessie"",""Heather"",""Felix"",""Devin"",""Beverly"",""Alex"",""Chris"",""Ellis"",""George"",""Iris"",""Kasey"",""Morgan"",""Owen"",""Randy"",""Terrance"",""Uri"",""Steph"",""Percy"",""Nell"",""Leslie"",""Jessie"",""Heather"",""Felix"",""Devin"",""Beverly"",""Alex"",""Chris"",""Ellis"",""George"",""Iris"",""Kasey"",""Morgan"",""Owen"",""Randy"",""Terrance"",""Uri"",""Steph"",""Percy"",""Nell"",""Leslie"",""Jessie"",""Heather"",""Felix"",""Devin"",""Beverly""]"	"""n/a"""	"""M"""	"1"	"""English"""	"[51,12,10,15,16,38,4,11,28,9,50,49,26,47,57,46,20,44,53,18,54,40,43,23,5,42,14,17,33,37,24,21,27,41,3,30,39,55,32,6,45,8,29,22,31,34,60,19,35,52,48,25,59,1,36,7,2,56,13,58]"	"[""electric kettle"",""electric kettle"",""electric kettle"",""electric kettle"",""electric kettle"",""electric kettle"",""electric kettle"",""electric kettle"",""electric kettle"",""electric kettle"",""coffee maker"",""coffee maker"",""coffee maker"",""coffee maker"",""coffee maker"",""coffee maker"",""coffee maker"",""coffee maker"",""coffee maker"",""coffee maker"",""headphones"",""headphones"",""headphones"",""headphones"",""headphones"",""headphones"",""headphones"",""headphones"",""headphones"",""headphones"",""sweater"",""sweater"",""sweater"",""sweater"",""sweater"",""sweater"",""sweater"",""sweater"",""sweater"",""sweater"",""watch"",""watch"",""watch"",""watch"",""watch"",""watch"",""watch"",""watch"",""watch"",""watch"",""laptop"",""laptop"",""laptop"",""laptop"",""laptop"",""laptop"",""laptop"",""laptop"",""laptop"",""laptop""]"	"""4"""	"[""2"",""11"",""13"",""23"",""25"",""17"",""30"",""27"",""23"",""29"",""1"",""12"",""12"",""22"",""17"",""23"",""30"",""29"",""29"",""34"",""1"",""12"",""22"",""27"",""37"",""29"",""35"",""33"",""34"",""36"",""3"",""7"",""8"",""16"",""24"",""25"",""24"",""27"",""33"",""35"",""1"",""26"",""28"",""35"",""34"",""38"",""40"",""39"",""38"",""39"",""9"",""8"",""17"",""10"",""25"",""34"",""37"",""39"",""38"",""36""]"	"""55"""	"[9.99,17.99,25.99,33.99,41.99,49.99,57.99,65.99,73.99,81.99,8.5,23.39,38.29,53.18,68.07,82.97,97.86,112.76,127.65,142.54,3.99,35.15,66.31,97.47,128.63,159.78,190.94,222.1,253.26,284.42,10,23.16,36.32,49.47,62.63,75.79,88.95,102.11,115.26,128.42,4.99,88.68,172.36,256.05,339.73,423.42,507.1,590.79,674.47,758.16,237.47,391.42,545.37,699.32,853.27,1007.22,1161.17,1315.12,1469.07,1623.02]"
"2IQN46UXFCD4ZA2JPS4STTKKU3EUS9"	"2DS9RNDWIOV1MKISZIKG013YDCAGV7"	"Judge the price!"	"A fun HIT (10-15 mins) asking you to judge the prices of various items."	"prices,survey,language,psychology,experiment"	"$0.80"	"Mon Apr 01 10:27:03 PDT 2013"	"20"	"0"	"0"	"20"	"Reviewable"	"NotReviewed"	"1 1"	"3600"	"60000"	"Tue Apr 02 03:07:03 PDT 2013"	"http://requester.mturk.com/mturk/manageHIT?HITId=2IQN46UXFCD4ZA2JPS4STTKKU3EUS9"	"2QCPEIB9BAWLMZNUMAMX0D3Q95SY18"	"A34FJBQDKVH8SR"	"Approved"	"Tue Apr 02 03:14:59 PDT 2013"	"Mon Apr 01 10:28:57 PDT 2013"	"Mon Apr 01 10:34:59 PDT 2013"	"Mon Apr 01 15:32:16 PDT 2013"	""	""	""	""	"[""Alex"",""Chris"",""Ellis"",""George"",""Iris"",""Kasey"",""Morgan"",""Owen"",""Randy"",""Terrance"",""Uri"",""Steph"",""Percy"",""Nell"",""Leslie"",""Jessie"",""Heather"",""Felix"",""Devin"",""Beverly"",""Alex"",""Chris"",""Ellis"",""George"",""Iris"",""Kasey"",""Morgan"",""Owen"",""Randy"",""Terrance"",""Uri"",""Steph"",""Percy"",""Nell"",""Leslie"",""Jessie"",""Heather"",""Felix"",""Devin"",""Beverly"",""Alex"",""Chris"",""Ellis"",""George"",""Iris"",""Kasey"",""Morgan"",""Owen"",""Randy"",""Terrance"",""Uri"",""Steph"",""Percy"",""Nell"",""Leslie"",""Jessie"",""Heather"",""Felix"",""Devin"",""Beverly""]"	"""This was interesting."""	"""M"""	"1"	"""English"""	"[34,36,46,15,40,48,10,4,55,50,27,43,41,20,21,3,5,24,53,58,17,7,37,39,54,60,30,11,9,16,22,1,38,29,42,57,44,12,51,33,8,14,19,2,32,52,35,23,56,26,6,49,31,47,13,18,25,45,28,59]"	"[""electric kettle"",""electric kettle"",""electric kettle"",""electric kettle"",""electric kettle"",""electric kettle"",""electric kettle"",""electric kettle"",""electric kettle"",""electric kettle"",""coffee maker"",""coffee maker"",""coffee maker"",""coffee maker"",""coffee maker"",""coffee maker"",""coffee maker"",""coffee maker"",""coffee maker"",""coffee maker"",""headphones"",""headphones"",""headphones"",""headphones"",""headphones"",""headphones"",""headphones"",""headphones"",""headphones"",""headphones"",""sweater"",""sweater"",""sweater"",""sweater"",""sweater"",""sweater"",""sweater"",""sweater"",""sweater"",""sweater"",""watch"",""watch"",""watch"",""watch"",""watch"",""watch"",""watch"",""watch"",""watch"",""watch"",""laptop"",""laptop"",""laptop"",""laptop"",""laptop"",""laptop"",""laptop"",""laptop"",""laptop"",""laptop""]"	"""4"""	"[""11"",""10"",""10"",""10"",""10"",""10"",""10"",""30"",""30"",""30"",""10"",""10"",""10"",""30"",""30"",""30"",""30"",""30"",""30"",""30"",""10"",""10"",""30"",""30"",""30"",""30"",""30"",""30"",""30"",""30"",""10"",""10"",""9"",""20"",""30"",""30"",""30"",""30"",""30"",""30"",""11"",""30"",""30"",""30"",""30"",""30"",""30"",""30"",""30"",""30"",""10"",""10"",""10"",""20"",""30"",""30"",""30"",""31"",""30"",""30""]"	"""45"""	"[9.99,17.99,25.99,33.99,41.99,49.99,57.99,65.99,73.99,81.99,8.5,23.39,38.29,53.18,68.07,82.97,97.86,112.76,127.65,142.54,3.99,35.15,66.31,97.47,128.63,159.78,190.94,222.1,253.26,284.42,10,23.16,36.32,49.47,62.63,75.79,88.95,102.11,115.26,128.42,4.99,88.68,172.36,256.05,339.73,423.42,507.1,590.79,674.47,758.16,237.47,391.42,545.37,699.32,853.27,1007.22,1161.17,1315.12,1469.07,1623.02]"
"2IQN46UXFCD4ZA2JPS4STTKKU3EUS9"	"2DS9RNDWIOV1MKISZIKG013YDCAGV7"	"Judge the price!"	"A fun HIT (10-15 mins) asking you to judge the prices of various items."	"prices,survey,language,psychology,experiment"	"$0.80"	"Mon Apr 01 10:27:03 PDT 2013"	"20"	"0"	"0"	"20"	"Reviewable"	"NotReviewed"	"1 1"	"3600"	"60000"	"Tue Apr 02 03:07:03 PDT 2013"	"http://requester.mturk.com/mturk/manageHIT?HITId=2IQN46UXFCD4ZA2JPS4STTKKU3EUS9"	"2BKNQQ7Q6705V3AHJWS2ZQC5D0HVBF"	"AARZ84VVH16XA"	"Approved"	"Tue Apr 02 03:16:14 PDT 2013"	"Mon Apr 01 10:29:00 PDT 2013"	"Mon Apr 01 10:36:14 PDT 2013"	"Mon Apr 01 15:32:13 PDT 2013"	""	""	""	""	"[""Beverly"",""Devin"",""Felix"",""Heather"",""Jessie"",""Leslie"",""Nell"",""Percy"",""Steph"",""Uri"",""Terrance"",""Randy"",""Owen"",""Morgan"",""Kasey"",""Iris"",""George"",""Ellis"",""Chris"",""Alex"",""Beverly"",""Devin"",""Felix"",""Heather"",""Jessie"",""Leslie"",""Nell"",""Percy"",""Steph"",""Uri"",""Terrance"",""Randy"",""Owen"",""Morgan"",""Kasey"",""Iris"",""George"",""Ellis"",""Chris"",""Alex"",""Beverly"",""Devin"",""Felix"",""Heather"",""Jessie"",""Leslie"",""Nell"",""Percy"",""Steph"",""Uri"",""Terrance"",""Randy"",""Owen"",""Morgan"",""Kasey"",""Iris"",""George"",""Ellis"",""Chris"",""Alex""]"	""""""	"""F"""	"2"	"""english"""	"[41,28,45,44,48,37,15,9,34,17,52,51,54,10,2,55,1,8,40,13,59,26,12,6,39,23,29,46,24,16,4,35,14,11,53,32,56,49,3,58,21,20,50,7,22,47,43,42,25,57,5,19,31,27,60,18,38,30,36,33]"	"[""electric kettle"",""electric kettle"",""electric kettle"",""electric kettle"",""electric kettle"",""electric kettle"",""electric kettle"",""electric kettle"",""electric kettle"",""electric kettle"",""coffee maker"",""coffee maker"",""coffee maker"",""coffee maker"",""coffee maker"",""coffee maker"",""coffee maker"",""coffee maker"",""coffee maker"",""coffee maker"",""headphones"",""headphones"",""headphones"",""headphones"",""headphones"",""headphones"",""headphones"",""headphones"",""headphones"",""headphones"",""sweater"",""sweater"",""sweater"",""sweater"",""sweater"",""sweater"",""sweater"",""sweater"",""sweater"",""sweater"",""watch"",""watch"",""watch"",""watch"",""watch"",""watch"",""watch"",""watch"",""watch"",""watch"",""laptop"",""laptop"",""laptop"",""laptop"",""laptop"",""laptop"",""laptop"",""laptop"",""laptop"",""laptop""]"	"""8"""	"[""4"",""10"",""7"",""10"",""15"",""17"",""27"",""20"",""17"",""24"",""1"",""5"",""16"",""10"",""10"",""20"",""20"",""20"",""10"",""26"",""6"",""14"",""20"",""25"",""26"",""30"",""34"",""34"",""35"",""34"",""4"",""6"",""10"",""10"",""11"",""16"",""20"",""17"",""30"",""21"",""10"",""20"",""26"",""25"",""30"",""31"",""30"",""30"",""31"",""35"",""10"",""20"",""20"",""30"",""35"",""35"",""31"",""37"",""35"",""33""]"	"""55"""	"[13.99,21.99,29.99,37.99,45.99,53.99,61.99,69.99,77.99,85.99,15.95,30.84,45.73,60.63,75.52,90.42,105.31,120.2,135.1,149.99,19.57,50.73,81.89,113.05,144.21,175.36,206.52,237.68,268.84,300,16.58,29.74,42.89,56.05,69.21,82.37,95.53,108.68,121.84,135,46.83,130.52,214.2,297.89,381.57,465.26,548.94,632.63,716.31,800,314.44,468.39,622.34,776.29,930.24,1084.19,1238.14,1392.09,1546.04,1699.99]"
"2IQN46UXFCD4ZA2JPS4STTKKU3EUS9"	"2DS9RNDWIOV1MKISZIKG013YDCAGV7"	"Judge the price!"	"A fun HIT (10-15 mins) asking you to judge the prices of various items."	"prices,survey,language,psychology,experiment"	"$0.80"	"Mon Apr 01 10:27:03 PDT 2013"	"20"	"0"	"0"	"20"	"Reviewable"	"NotReviewed"	"1 1"	"3600"	"60000"	"Tue Apr 02 03:07:03 PDT 2013"	"http://requester.mturk.com/mturk/manageHIT?HITId=2IQN46UXFCD4ZA2JPS4STTKKU3EUS9"	"20TSNQQ7Q670ZEGP8SI18TQGHBOUAV"	"A1ITB46YDNQ73R"	"Approved"	"Tue Apr 02 03:20:53 PDT 2013"	"Mon Apr 01 10:30:32 PDT 2013"	"Mon Apr 01 10:40:53 PDT 2013"	"Mon Apr 01 15:32:13 PDT 2013"	""	""	""	""	"[""Beverly"",""Devin"",""Felix"",""Heather"",""Jessie"",""Leslie"",""Nell"",""Percy"",""Steph"",""Uri"",""Terrance"",""Randy"",""Owen"",""Morgan"",""Kasey"",""Iris"",""George"",""Ellis"",""Chris"",""Alex"",""Beverly"",""Devin"",""Felix"",""Heather"",""Jessie"",""Leslie"",""Nell"",""Percy"",""Steph"",""Uri"",""Terrance"",""Randy"",""Owen"",""Morgan"",""Kasey"",""Iris"",""George"",""Ellis"",""Chris"",""Alex"",""Beverly"",""Devin"",""Felix"",""Heather"",""Jessie"",""Leslie"",""Nell"",""Percy"",""Steph"",""Uri"",""Terrance"",""Randy"",""Owen"",""Morgan"",""Kasey"",""Iris"",""George"",""Ellis"",""Chris"",""Alex""]"	"""This was kind of a tough one. I wish I knew the situations and background of the people. I noticed a lot were the same person over and over. I know that the point was for us not to know, but I look at it as if the person paid for it themselves, the price obviously didn't bother them, so I would think that the person would \""not feel the price was to high\"" for what they bought. They had a choice to buy something cheaper but they did not. They must of been happy with what they bought. In that case I would have put \""not expensive at all\"" for every one of them. But instead, I tried looking at it, as if \""I\"" thought the price was reasonable or not. I hope that makes since. It just seemed hard to judge the answers. """	"""F"""	"2"	"""English"""	"[29,57,21,32,3,53,50,33,54,17,25,26,18,19,14,20,38,40,55,51,7,49,41,58,60,30,36,42,23,56,5,47,52,2,31,45,13,44,6,28,43,15,46,27,8,39,22,34,12,24,35,9,37,16,59,48,11,1,4,10]"	"[""electric kettle"",""electric kettle"",""electric kettle"",""electric kettle"",""electric kettle"",""electric kettle"",""electric kettle"",""electric kettle"",""electric kettle"",""electric kettle"",""coffee maker"",""coffee maker"",""coffee maker"",""coffee maker"",""coffee maker"",""coffee maker"",""coffee maker"",""coffee maker"",""coffee maker"",""coffee maker"",""headphones"",""headphones"",""headphones"",""headphones"",""headphones"",""headphones"",""headphones"",""headphones"",""headphones"",""headphones"",""sweater"",""sweater"",""sweater"",""sweater"",""sweater"",""sweater"",""sweater"",""sweater"",""sweater"",""sweater"",""watch"",""watch"",""watch"",""watch"",""watch"",""watch"",""watch"",""watch"",""watch"",""watch"",""laptop"",""laptop"",""laptop"",""laptop"",""laptop"",""laptop"",""laptop"",""laptop"",""laptop"",""laptop""]"	"""6"""	"[""2"",""4"",""5"",""6"",""10"",""14"",""14"",""16"",""15"",""20"",""3"",""10"",""10"",""16"",""15"",""20"",""21"",""21"",""23"",""23"",""0"",""8"",""14"",""19"",""19"",""20"",""19"",""21"",""21"",""25"",""0"",""3"",""9"",""10"",""12"",""19"",""20"",""24"",""22"",""21"",""9"",""15"",""21"",""22"",""26"",""25"",""24"",""29"",""33"",""31"",""8"",""2"",""17"",""14"",""19"",""20"",""18"",""16"",""16"",""30""]"	"""35"""	"[13.99,21.99,29.99,37.99,45.99,53.99,61.99,69.99,77.99,85.99,15.95,30.84,45.73,60.63,75.52,90.42,105.31,120.2,135.1,149.99,19.57,50.73,81.89,113.05,144.21,175.36,206.52,237.68,268.84,300,16.58,29.74,42.89,56.05,69.21,82.37,95.53,108.68,121.84,135,46.83,130.52,214.2,297.89,381.57,465.26,548.94,632.63,716.31,800,314.44,468.39,622.34,776.29,930.24,1084.19,1238.14,1392.09,1546.04,1699.99]"
"2IQN46UXFCD4ZA2JPS4STTKKU3EUS9"	"2DS9RNDWIOV1MKISZIKG013YDCAGV7"	"Judge the price!"	"A fun HIT (10-15 mins) asking you to judge the prices of various items."	"prices,survey,language,psychology,experiment"	"$0.80"	"Mon Apr 01 10:27:03 PDT 2013"	"20"	"0"	"0"	"20"	"Reviewable"	"NotReviewed"	"1 1"	"3600"	"60000"	"Tue Apr 02 03:07:03 PDT 2013"	"http://requester.mturk.com/mturk/manageHIT?HITId=2IQN46UXFCD4ZA2JPS4STTKKU3EUS9"	"2KTQP6AUC26DAJXIX2UV6FK4S2M92C"	"A370MPTHYDCDKX"	"Approved"	"Tue Apr 02 03:20:58 PDT 2013"	"Mon Apr 01 10:27:50 PDT 2013"	"Mon Apr 01 10:40:58 PDT 2013"	"Mon Apr 01 15:32:16 PDT 2013"	""	""	""	""	"[""Alex"",""Chris"",""Ellis"",""George"",""Iris"",""Kasey"",""Morgan"",""Owen"",""Randy"",""Terrance"",""Uri"",""Steph"",""Percy"",""Nell"",""Leslie"",""Jessie"",""Heather"",""Felix"",""Devin"",""Beverly"",""Alex"",""Chris"",""Ellis"",""George"",""Iris"",""Kasey"",""Morgan"",""Owen"",""Randy"",""Terrance"",""Uri"",""Steph"",""Percy"",""Nell"",""Leslie"",""Jessie"",""Heather"",""Felix"",""Devin"",""Beverly"",""Alex"",""Chris"",""Ellis"",""George"",""Iris"",""Kasey"",""Morgan"",""Owen"",""Randy"",""Terrance"",""Uri"",""Steph"",""Percy"",""Nell"",""Leslie"",""Jessie"",""Heather"",""Felix"",""Devin"",""Beverly""]"	"""none"""	"""F"""	"1"	"""English"""	"[47,1,52,56,54,29,44,51,19,7,50,26,10,28,16,31,49,35,23,53,17,32,33,15,57,14,58,30,25,60,46,45,3,27,41,48,43,13,24,11,34,21,36,5,20,9,37,12,59,38,40,6,55,39,4,2,18,42,22,8]"	"[""electric kettle"",""electric kettle"",""electric kettle"",""electric kettle"",""electric kettle"",""electric kettle"",""electric kettle"",""electric kettle"",""electric kettle"",""electric kettle"",""coffee maker"",""coffee maker"",""coffee maker"",""coffee maker"",""coffee maker"",""coffee maker"",""coffee maker"",""coffee maker"",""coffee maker"",""coffee maker"",""headphones"",""headphones"",""headphones"",""headphones"",""headphones"",""headphones"",""headphones"",""headphones"",""headphones"",""headphones"",""sweater"",""sweater"",""sweater"",""sweater"",""sweater"",""sweater"",""sweater"",""sweater"",""sweater"",""sweater"",""watch"",""watch"",""watch"",""watch"",""watch"",""watch"",""watch"",""watch"",""watch"",""watch"",""laptop"",""laptop"",""laptop"",""laptop"",""laptop"",""laptop"",""laptop"",""laptop"",""laptop"",""laptop""]"	"""4"""	"[""3"",""10"",""17"",""17"",""8"",""16"",""16"",""19"",""17"",""18"",""3"",""5"",""13"",""15"",""19"",""19"",""23"",""17"",""21"",""31"",""5"",""16"",""13"",""18"",""25"",""17"",""24"",""27"",""26"",""22"",""3"",""25"",""15"",""16"",""25"",""29"",""15"",""15"",""15"",""23"",""5"",""18"",""18"",""25"",""23"",""23"",""27"",""24"",""34"",""30"",""4"",""9"",""31"",""11"",""20"",""24"",""24"",""24"",""32"",""33""]"	"""35"""	"[9.99,17.99,25.99,33.99,41.99,49.99,57.99,65.99,73.99,81.99,8.5,23.39,38.29,53.18,68.07,82.97,97.86,112.76,127.65,142.54,3.99,35.15,66.31,97.47,128.63,159.78,190.94,222.1,253.26,284.42,10,23.16,36.32,49.47,62.63,75.79,88.95,102.11,115.26,128.42,4.99,88.68,172.36,256.05,339.73,423.42,507.1,590.79,674.47,758.16,237.47,391.42,545.37,699.32,853.27,1007.22,1161.17,1315.12,1469.07,1623.02]"
"2IQN46UXFCD4ZA2JPS4STTKKU3EUS9"	"2DS9RNDWIOV1MKISZIKG013YDCAGV7"	"Judge the price!"	"A fun HIT (10-15 mins) asking you to judge the prices of various items."	"prices,survey,language,psychology,experiment"	"$0.80"	"Mon Apr 01 10:27:03 PDT 2013"	"20"	"0"	"0"	"20"	"Reviewable"	"NotReviewed"	"1 1"	"3600"	"60000"	"Tue Apr 02 03:07:03 PDT 2013"	"http://requester.mturk.com/mturk/manageHIT?HITId=2IQN46UXFCD4ZA2JPS4STTKKU3EUS9"	"2ZOZ9RNDWIOVV5XXJ84TMU17ER1UF8"	"A1K9WP8Q74E9G2"	"Approved"	"Tue Apr 02 03:21:02 PDT 2013"	"Mon Apr 01 10:30:56 PDT 2013"	"Mon Apr 01 10:41:02 PDT 2013"	"Mon Apr 01 15:32:15 PDT 2013"	""	""	""	""	"[""Alex"",""Chris"",""Ellis"",""George"",""Iris"",""Kasey"",""Morgan"",""Owen"",""Randy"",""Terrance"",""Uri"",""Steph"",""Percy"",""Nell"",""Leslie"",""Jessie"",""Heather"",""Felix"",""Devin"",""Beverly"",""Alex"",""Chris"",""Ellis"",""George"",""Iris"",""Kasey"",""Morgan"",""Owen"",""Randy"",""Terrance"",""Uri"",""Steph"",""Percy"",""Nell"",""Leslie"",""Jessie"",""Heather"",""Felix"",""Devin"",""Beverly"",""Alex"",""Chris"",""Ellis"",""George"",""Iris"",""Kasey"",""Morgan"",""Owen"",""Randy"",""Terrance"",""Uri"",""Steph"",""Percy"",""Nell"",""Leslie"",""Jessie"",""Heather"",""Felix"",""Devin"",""Beverly""]"	""""""	"""F"""	"1"	"""english"""	"[56,15,2,7,43,37,47,6,49,31,1,40,38,53,10,46,12,39,22,26,29,50,33,41,42,36,28,25,48,45,32,34,18,30,3,58,59,4,52,8,19,5,9,51,23,21,11,17,14,57,24,27,16,20,13,54,55,60,44,35]"	"[""electric kettle"",""electric kettle"",""electric kettle"",""electric kettle"",""electric kettle"",""electric kettle"",""electric kettle"",""electric kettle"",""electric kettle"",""electric kettle"",""coffee maker"",""coffee maker"",""coffee maker"",""coffee maker"",""coffee maker"",""coffee maker"",""coffee maker"",""coffee maker"",""coffee maker"",""coffee maker"",""headphones"",""headphones"",""headphones"",""headphones"",""headphones"",""headphones"",""headphones"",""headphones"",""headphones"",""headphones"",""sweater"",""sweater"",""sweater"",""sweater"",""sweater"",""sweater"",""sweater"",""sweater"",""sweater"",""sweater"",""watch"",""watch"",""watch"",""watch"",""watch"",""watch"",""watch"",""watch"",""watch"",""watch"",""laptop"",""laptop"",""laptop"",""laptop"",""laptop"",""laptop"",""laptop"",""laptop"",""laptop"",""laptop""]"	"""11"""	"[""1"",""3"",""11"",""15"",""22"",""22"",""28"",""27"",""32"",""30"",""2"",""4"",""10"",""19"",""19"",""29"",""34"",""32"",""31"",""33"",""0"",""7"",""19"",""21"",""28"",""38"",""38"",""40"",""40"",""40"",""3"",""6"",""15"",""21"",""31"",""25"",""30"",""40"",""37"",""40"",""0"",""19"",""26"",""39"",""39"",""40"",""40"",""40"",""39"",""40"",""4"",""21"",""27"",""25"",""31"",""38"",""36"",""38"",""39"",""40""]"	"""45"""	"[9.99,17.99,25.99,33.99,41.99,49.99,57.99,65.99,73.99,81.99,8.5,23.39,38.29,53.18,68.07,82.97,97.86,112.76,127.65,142.54,3.99,35.15,66.31,97.47,128.63,159.78,190.94,222.1,253.26,284.42,10,23.16,36.32,49.47,62.63,75.79,88.95,102.11,115.26,128.42,4.99,88.68,172.36,256.05,339.73,423.42,507.1,590.79,674.47,758.16,237.47,391.42,545.37,699.32,853.27,1007.22,1161.17,1315.12,1469.07,1623.02]"
"2IQN46UXFCD4ZA2JPS4STTKKU3EUS9"	"2DS9RNDWIOV1MKISZIKG013YDCAGV7"	"Judge the price!"	"A fun HIT (10-15 mins) asking you to judge the prices of various items."	"prices,survey,language,psychology,experiment"	"$0.80"	"Mon Apr 01 10:27:03 PDT 2013"	"20"	"0"	"0"	"20"	"Reviewable"	"NotReviewed"	"1 1"	"3600"	"60000"	"Tue Apr 02 03:07:03 PDT 2013"	"http://requester.mturk.com/mturk/manageHIT?HITId=2IQN46UXFCD4ZA2JPS4STTKKU3EUS9"	"2N867D1X3V0FED2TG7AE7M7T0YBCJJ"	"A2MEEFICK8H74C"	"Approved"	"Tue Apr 02 03:21:32 PDT 2013"	"Mon Apr 01 10:31:03 PDT 2013"	"Mon Apr 01 10:41:32 PDT 2013"	"Mon Apr 01 15:32:15 PDT 2013"	""	""	""	""	"[""Alex"",""Chris"",""Ellis"",""George"",""Iris"",""Kasey"",""Morgan"",""Owen"",""Randy"",""Terrance"",""Uri"",""Steph"",""Percy"",""Nell"",""Leslie"",""Jessie"",""Heather"",""Felix"",""Devin"",""Beverly"",""Alex"",""Chris"",""Ellis"",""George"",""Iris"",""Kasey"",""Morgan"",""Owen"",""Randy"",""Terrance"",""Uri"",""Steph"",""Percy"",""Nell"",""Leslie"",""Jessie"",""Heather"",""Felix"",""Devin"",""Beverly"",""Alex"",""Chris"",""Ellis"",""George"",""Iris"",""Kasey"",""Morgan"",""Owen"",""Randy"",""Terrance"",""Uri"",""Steph"",""Percy"",""Nell"",""Leslie"",""Jessie"",""Heather"",""Felix"",""Devin"",""Beverly""]"	""""""	"""F"""	"1"	"""English"""	"[32,10,47,18,58,27,25,33,26,59,39,29,21,2,30,60,20,44,5,43,23,50,22,9,31,51,12,6,35,34,3,46,4,45,7,13,40,49,57,52,14,55,38,16,54,11,42,24,37,56,36,19,17,28,53,15,8,48,1,41]"	"[""electric kettle"",""electric kettle"",""electric kettle"",""electric kettle"",""electric kettle"",""electric kettle"",""electric kettle"",""electric kettle"",""electric kettle"",""electric kettle"",""coffee maker"",""coffee maker"",""coffee maker"",""coffee maker"",""coffee maker"",""coffee maker"",""coffee maker"",""coffee maker"",""coffee maker"",""coffee maker"",""headphones"",""headphones"",""headphones"",""headphones"",""headphones"",""headphones"",""headphones"",""headphones"",""headphones"",""headphones"",""sweater"",""sweater"",""sweater"",""sweater"",""sweater"",""sweater"",""sweater"",""sweater"",""sweater"",""sweater"",""watch"",""watch"",""watch"",""watch"",""watch"",""watch"",""watch"",""watch"",""watch"",""watch"",""laptop"",""laptop"",""laptop"",""laptop"",""laptop"",""laptop"",""laptop"",""laptop"",""laptop"",""laptop""]"	"""4"""	"[""0"",""4"",""10"",""21"",""24"",""19"",""17"",""23"",""30"",""30"",""0"",""10"",""14"",""16"",""18"",""32"",""22"",""29"",""30"",""33"",""0"",""16"",""23"",""28"",""31"",""30"",""24"",""37"",""35"",""36"",""6"",""18"",""30"",""32"",""32"",""38"",""38"",""33"",""34"",""37"",""0"",""23"",""26"",""28"",""31"",""27"",""38"",""29"",""36"",""40"",""0"",""0"",""6"",""13"",""15"",""12"",""14"",""23"",""10"",""22""]"	"""45"""	"[9.99,17.99,25.99,33.99,41.99,49.99,57.99,65.99,73.99,81.99,8.5,23.39,38.29,53.18,68.07,82.97,97.86,112.76,127.65,142.54,3.99,35.15,66.31,97.47,128.63,159.78,190.94,222.1,253.26,284.42,10,23.16,36.32,49.47,62.63,75.79,88.95,102.11,115.26,128.42,4.99,88.68,172.36,256.05,339.73,423.42,507.1,590.79,674.47,758.16,237.47,391.42,545.37,699.32,853.27,1007.22,1161.17,1315.12,1469.07,1623.02]"
"2IQN46UXFCD4ZA2JPS4STTKKU3EUS9"	"2DS9RNDWIOV1MKISZIKG013YDCAGV7"	"Judge the price!"	"A fun HIT (10-15 mins) asking you to judge the prices of various items."	"prices,survey,language,psychology,experiment"	"$0.80"	"Mon Apr 01 10:27:03 PDT 2013"	"20"	"0"	"0"	"20"	"Reviewable"	"NotReviewed"	"1 1"	"3600"	"60000"	"Tue Apr 02 03:07:03 PDT 2013"	"http://requester.mturk.com/mturk/manageHIT?HITId=2IQN46UXFCD4ZA2JPS4STTKKU3EUS9"	"211ZJMJUNU8LTJHCWLWRF8DCZHY0GB"	"A2YI1E86RZWSWD"	"Approved"	"Tue Apr 02 03:22:09 PDT 2013"	"Mon Apr 01 10:30:48 PDT 2013"	"Mon Apr 01 10:42:09 PDT 2013"	"Mon Apr 01 15:32:13 PDT 2013"	""	""	""	""	"[""Alex"",""Chris"",""Ellis"",""George"",""Iris"",""Kasey"",""Morgan"",""Owen"",""Randy"",""Terrance"",""Uri"",""Steph"",""Percy"",""Nell"",""Leslie"",""Jessie"",""Heather"",""Felix"",""Devin"",""Beverly"",""Alex"",""Chris"",""Ellis"",""George"",""Iris"",""Kasey"",""Morgan"",""Owen"",""Randy"",""Terrance"",""Uri"",""Steph"",""Percy"",""Nell"",""Leslie"",""Jessie"",""Heather"",""Felix"",""Devin"",""Beverly"",""Alex"",""Chris"",""Ellis"",""George"",""Iris"",""Kasey"",""Morgan"",""Owen"",""Randy"",""Terrance"",""Uri"",""Steph"",""Percy"",""Nell"",""Leslie"",""Jessie"",""Heather"",""Felix"",""Devin"",""Beverly""]"	"""Thank you for allowing me to participate. Please send me any �exclusive� hits that may be available. Of course, any bonus amounts are always greatly appreciated. Thanks again and Good Luck !!!"""	"""M"""	"1"	"""English"""	"[12,53,54,44,55,48,9,57,36,34,43,38,46,32,10,25,40,14,6,56,15,20,41,30,8,51,58,2,13,5,39,49,21,1,19,23,60,28,24,27,26,4,17,52,31,11,50,16,35,42,29,7,18,59,33,3,22,45,37,47]"	"[""electric kettle"",""electric kettle"",""electric kettle"",""electric kettle"",""electric kettle"",""electric kettle"",""electric kettle"",""electric kettle"",""electric kettle"",""electric kettle"",""coffee maker"",""coffee maker"",""coffee maker"",""coffee maker"",""coffee maker"",""coffee maker"",""coffee maker"",""coffee maker"",""coffee maker"",""coffee maker"",""headphones"",""headphones"",""headphones"",""headphones"",""headphones"",""headphones"",""headphones"",""headphones"",""headphones"",""headphones"",""sweater"",""sweater"",""sweater"",""sweater"",""sweater"",""sweater"",""sweater"",""sweater"",""sweater"",""sweater"",""watch"",""watch"",""watch"",""watch"",""watch"",""watch"",""watch"",""watch"",""watch"",""watch"",""laptop"",""laptop"",""laptop"",""laptop"",""laptop"",""laptop"",""laptop"",""laptop"",""laptop"",""laptop""]"	"""4"""	"[""0"",""5"",""10"",""10"",""14"",""20"",""10"",""25"",""22"",""25"",""0"",""6"",""10"",""20"",""15"",""17"",""25"",""25"",""20"",""30"",""0"",""10"",""15"",""25"",""20"",""30"",""32"",""30"",""30"",""30"",""0"",""6"",""10"",""23"",""20"",""30"",""25"",""30"",""30"",""30"",""0"",""10"",""20"",""21"",""30"",""30"",""30"",""30"",""34"",""34"",""5"",""10"",""18"",""25"",""25"",""30"",""25"",""34"",""34"",""37""]"	"""65"""	"[9.99,17.99,25.99,33.99,41.99,49.99,57.99,65.99,73.99,81.99,8.5,23.39,38.29,53.18,68.07,82.97,97.86,112.76,127.65,142.54,3.99,35.15,66.31,97.47,128.63,159.78,190.94,222.1,253.26,284.42,10,23.16,36.32,49.47,62.63,75.79,88.95,102.11,115.26,128.42,4.99,88.68,172.36,256.05,339.73,423.42,507.1,590.79,674.47,758.16,237.47,391.42,545.37,699.32,853.27,1007.22,1161.17,1315.12,1469.07,1623.02]"
"2IQN46UXFCD4ZA2JPS4STTKKU3EUS9"	"2DS9RNDWIOV1MKISZIKG013YDCAGV7"	"Judge the price!"	"A fun HIT (10-15 mins) asking you to judge the prices of various items."	"prices,survey,language,psychology,experiment"	"$0.80"	"Mon Apr 01 10:27:03 PDT 2013"	"20"	"0"	"0"	"20"	"Reviewable"	"NotReviewed"	"1 1"	"3600"	"60000"	"Tue Apr 02 03:07:03 PDT 2013"	"http://requester.mturk.com/mturk/manageHIT?HITId=2IQN46UXFCD4ZA2JPS4STTKKU3EUS9"	"2QXR98D8J3VE19IXPSPCM3MG0MCGWS"	"A3IE6ATDKX6N1H"	"Approved"	"Tue Apr 02 03:24:52 PDT 2013"	"Mon Apr 01 10:28:54 PDT 2013"	"Mon Apr 01 10:44:52 PDT 2013"	"Mon Apr 01 15:32:14 PDT 2013"	""	""	""	""	"[""Alex"",""Chris"",""Ellis"",""George"",""Iris"",""Kasey"",""Morgan"",""Owen"",""Randy"",""Terrance"",""Uri"",""Steph"",""Percy"",""Nell"",""Leslie"",""Jessie"",""Heather"",""Felix"",""Devin"",""Beverly"",""Alex"",""Chris"",""Ellis"",""George"",""Iris"",""Kasey"",""Morgan"",""Owen"",""Randy"",""Terrance"",""Uri"",""Steph"",""Percy"",""Nell"",""Leslie"",""Jessie"",""Heather"",""Felix"",""Devin"",""Beverly"",""Alex"",""Chris"",""Ellis"",""George"",""Iris"",""Kasey"",""Morgan"",""Owen"",""Randy"",""Terrance"",""Uri"",""Steph"",""Percy"",""Nell"",""Leslie"",""Jessie"",""Heather"",""Felix"",""Devin"",""Beverly""]"	"""I was a little conflicted about the prices in this study because I often said that someone probably didn't think a price was too high even if I did. I assumed that someone that was willing to pay $200 or $300 for a watch or $1500 for a laptop doesn't think it is expensive or else they wouldn't pay that price. Sometimes it seems that $20 for an item is expensive to some people where $1000 would not seem so to another person. So I don't know if I was looking at the prices in the way that you expected."""	"""F"""	"1"	"""English"""	"[18,38,58,35,13,57,11,31,3,53,33,28,4,25,49,19,5,15,55,54,23,47,7,52,30,9,51,34,26,39,46,36,22,20,16,6,60,17,41,8,50,2,45,27,40,14,37,29,21,12,43,48,42,24,56,59,10,32,1,44]"	"[""electric kettle"",""electric kettle"",""electric kettle"",""electric kettle"",""electric kettle"",""electric kettle"",""electric kettle"",""electric kettle"",""electric kettle"",""electric kettle"",""coffee maker"",""coffee maker"",""coffee maker"",""coffee maker"",""coffee maker"",""coffee maker"",""coffee maker"",""coffee maker"",""coffee maker"",""coffee maker"",""headphones"",""headphones"",""headphones"",""headphones"",""headphones"",""headphones"",""headphones"",""headphones"",""headphones"",""headphones"",""sweater"",""sweater"",""sweater"",""sweater"",""sweater"",""sweater"",""sweater"",""sweater"",""sweater"",""sweater"",""watch"",""watch"",""watch"",""watch"",""watch"",""watch"",""watch"",""watch"",""watch"",""watch"",""laptop"",""laptop"",""laptop"",""laptop"",""laptop"",""laptop"",""laptop"",""laptop"",""laptop"",""laptop""]"	"""4"""	"[""3"",""3"",""2"",""16"",""19"",""19"",""19"",""22"",""21"",""26"",""3"",""5"",""18"",""18"",""17"",""24"",""25"",""23"",""29"",""30"",""2"",""23"",""22"",""10"",""15"",""11"",""10"",""10"",""10"",""10"",""2"",""6"",""18"",""18"",""19"",""22"",""22"",""23"",""28"",""24"",""2"",""23"",""10"",""10"",""10"",""10"",""10"",""10"",""10"",""10"",""6"",""8"",""10"",""10"",""10"",""10"",""10"",""10"",""10"",""10""]"	"""65"""	"[9.99,17.99,25.99,33.99,41.99,49.99,57.99,65.99,73.99,81.99,8.5,23.39,38.29,53.18,68.07,82.97,97.86,112.76,127.65,142.54,3.99,35.15,66.31,97.47,128.63,159.78,190.94,222.1,253.26,284.42,10,23.16,36.32,49.47,62.63,75.79,88.95,102.11,115.26,128.42,4.99,88.68,172.36,256.05,339.73,423.42,507.1,590.79,674.47,758.16,237.47,391.42,545.37,699.32,853.27,1007.22,1161.17,1315.12,1469.07,1623.02]"
"2IQN46UXFCD4ZA2JPS4STTKKU3EUS9"	"2DS9RNDWIOV1MKISZIKG013YDCAGV7"	"Judge the price!"	"A fun HIT (10-15 mins) asking you to judge the prices of various items."	"prices,survey,language,psychology,experiment"	"$0.80"	"Mon Apr 01 10:27:03 PDT 2013"	"20"	"0"	"0"	"20"	"Reviewable"	"NotReviewed"	"1 1"	"3600"	"60000"	"Tue Apr 02 03:07:03 PDT 2013"	"http://requester.mturk.com/mturk/manageHIT?HITId=2IQN46UXFCD4ZA2JPS4STTKKU3EUS9"	"2OQ5COW0LGRZXL2WBQ361NU3CRVY78"	"A12X7XMVFAOWWV"	"Approved"	"Tue Apr 02 03:30:05 PDT 2013"	"Mon Apr 01 10:45:11 PDT 2013"	"Mon Apr 01 10:50:05 PDT 2013"	"Mon Apr 01 15:32:14 PDT 2013"	""	""	""	""	"[""Beverly"",""Devin"",""Felix"",""Heather"",""Jessie"",""Leslie"",""Nell"",""Percy"",""Steph"",""Uri"",""Terrance"",""Randy"",""Owen"",""Morgan"",""Kasey"",""Iris"",""George"",""Ellis"",""Chris"",""Alex"",""Beverly"",""Devin"",""Felix"",""Heather"",""Jessie"",""Leslie"",""Nell"",""Percy"",""Steph"",""Uri"",""Terrance"",""Randy"",""Owen"",""Morgan"",""Kasey"",""Iris"",""George"",""Ellis"",""Chris"",""Alex"",""Beverly"",""Devin"",""Felix"",""Heather"",""Jessie"",""Leslie"",""Nell"",""Percy"",""Steph"",""Uri"",""Terrance"",""Randy"",""Owen"",""Morgan"",""Kasey"",""Iris"",""George"",""Ellis"",""Chris"",""Alex""]"	"""none"""	"""F"""	"2"	"""English"""	"[58,24,15,36,60,56,59,20,11,12,22,52,31,13,30,21,2,3,32,37,25,46,47,50,19,8,53,35,9,26,40,54,6,14,44,43,49,33,42,28,29,27,16,51,55,18,39,1,34,23,5,7,38,57,10,41,48,17,4,45]"	"[""electric kettle"",""electric kettle"",""electric kettle"",""electric kettle"",""electric kettle"",""electric kettle"",""electric kettle"",""electric kettle"",""electric kettle"",""electric kettle"",""coffee maker"",""coffee maker"",""coffee maker"",""coffee maker"",""coffee maker"",""coffee maker"",""coffee maker"",""coffee maker"",""coffee maker"",""coffee maker"",""headphones"",""headphones"",""headphones"",""headphones"",""headphones"",""headphones"",""headphones"",""headphones"",""headphones"",""headphones"",""sweater"",""sweater"",""sweater"",""sweater"",""sweater"",""sweater"",""sweater"",""sweater"",""sweater"",""sweater"",""watch"",""watch"",""watch"",""watch"",""watch"",""watch"",""watch"",""watch"",""watch"",""watch"",""laptop"",""laptop"",""laptop"",""laptop"",""laptop"",""laptop"",""laptop"",""laptop"",""laptop"",""laptop""]"	"""4"""	"[""7"",""10"",""11"",""16"",""20"",""22"",""23"",""23"",""22"",""23"",""9"",""10"",""16"",""18"",""23"",""23"",""15"",""20"",""26"",""25"",""5"",""13"",""15"",""23"",""22"",""17"",""25"",""26"",""22"",""26"",""6"",""10"",""11"",""16"",""16"",""23"",""24"",""25"",""26"",""25"",""10"",""23"",""26"",""25"",""27"",""27"",""27"",""30"",""30"",""30"",""5"",""15"",""13"",""14"",""18"",""25"",""27"",""24"",""25"",""28""]"	"""25"""	"[13.99,21.99,29.99,37.99,45.99,53.99,61.99,69.99,77.99,85.99,15.95,30.84,45.73,60.63,75.52,90.42,105.31,120.2,135.1,149.99,19.57,50.73,81.89,113.05,144.21,175.36,206.52,237.68,268.84,300,16.58,29.74,42.89,56.05,69.21,82.37,95.53,108.68,121.84,135,46.83,130.52,214.2,297.89,381.57,465.26,548.94,632.63,716.31,800,314.44,468.39,622.34,776.29,930.24,1084.19,1238.14,1392.09,1546.04,1699.99]"
"2IQN46UXFCD4ZA2JPS4STTKKU3EUS9"	"2DS9RNDWIOV1MKISZIKG013YDCAGV7"	"Judge the price!"	"A fun HIT (10-15 mins) asking you to judge the prices of various items."	"prices,survey,language,psychology,experiment"	"$0.80"	"Mon Apr 01 10:27:03 PDT 2013"	"20"	"0"	"0"	"20"	"Reviewable"	"NotReviewed"	"1 1"	"3600"	"60000"	"Tue Apr 02 03:07:03 PDT 2013"	"http://requester.mturk.com/mturk/manageHIT?HITId=2IQN46UXFCD4ZA2JPS4STTKKU3EUS9"	"21U4SMEZZ2MIEZDEQDG9438XCAYL4G"	"A149ROBL26JWPJ"	"Approved"	"Tue Apr 02 03:46:55 PDT 2013"	"Mon Apr 01 10:29:17 PDT 2013"	"Mon Apr 01 11:06:55 PDT 2013"	"Mon Apr 01 15:32:13 PDT 2013"	""	""	""	""	"[""Beverly"",""Devin"",""Felix"",""Heather"",""Jessie"",""Leslie"",""Nell"",""Percy"",""Steph"",""Uri"",""Terrance"",""Randy"",""Owen"",""Morgan"",""Kasey"",""Iris"",""George"",""Ellis"",""Chris"",""Alex"",""Beverly"",""Devin"",""Felix"",""Heather"",""Jessie"",""Leslie"",""Nell"",""Percy"",""Steph"",""Uri"",""Terrance"",""Randy"",""Owen"",""Morgan"",""Kasey"",""Iris"",""George"",""Ellis"",""Chris"",""Alex"",""Beverly"",""Devin"",""Felix"",""Heather"",""Jessie"",""Leslie"",""Nell"",""Percy"",""Steph"",""Uri"",""Terrance"",""Randy"",""Owen"",""Morgan"",""Kasey"",""Iris"",""George"",""Ellis"",""Chris"",""Alex""]"	"""N/A"""	"""M"""	"2"	"""English"""	"[40,53,12,35,43,7,30,2,8,27,5,1,10,24,32,54,37,41,17,6,50,20,3,26,49,58,51,23,34,9,11,44,39,52,56,22,57,31,55,4,16,28,13,25,18,47,38,33,29,59,14,60,45,46,36,19,21,15,48,42]"	"[""electric kettle"",""electric kettle"",""electric kettle"",""electric kettle"",""electric kettle"",""electric kettle"",""electric kettle"",""electric kettle"",""electric kettle"",""electric kettle"",""coffee maker"",""coffee maker"",""coffee maker"",""coffee maker"",""coffee maker"",""coffee maker"",""coffee maker"",""coffee maker"",""coffee maker"",""coffee maker"",""headphones"",""headphones"",""headphones"",""headphones"",""headphones"",""headphones"",""headphones"",""headphones"",""headphones"",""headphones"",""sweater"",""sweater"",""sweater"",""sweater"",""sweater"",""sweater"",""sweater"",""sweater"",""sweater"",""sweater"",""watch"",""watch"",""watch"",""watch"",""watch"",""watch"",""watch"",""watch"",""watch"",""watch"",""laptop"",""laptop"",""laptop"",""laptop"",""laptop"",""laptop"",""laptop"",""laptop"",""laptop"",""laptop""]"	"""4"""	"[""5"",""7"",""12"",""14"",""26"",""27"",""26"",""24"",""32"",""31"",""5"",""15"",""18"",""19"",""18"",""25"",""26"",""28"",""30"",""32"",""8"",""10"",""10"",""22"",""22"",""26"",""26"",""24"",""24"",""28"",""8"",""12"",""12"",""17"",""22"",""23"",""24"",""29"",""25"",""32"",""8"",""24"",""29"",""24"",""29"",""26"",""29"",""29"",""33"",""35"",""3"",""11"",""13"",""17"",""25"",""25"",""33"",""28"",""35"",""35""]"	"""25"""	"[13.99,21.99,29.99,37.99,45.99,53.99,61.99,69.99,77.99,85.99,15.95,30.84,45.73,60.63,75.52,90.42,105.31,120.2,135.1,149.99,19.57,50.73,81.89,113.05,144.21,175.36,206.52,237.68,268.84,300,16.58,29.74,42.89,56.05,69.21,82.37,95.53,108.68,121.84,135,46.83,130.52,214.2,297.89,381.57,465.26,548.94,632.63,716.31,800,314.44,468.39,622.34,776.29,930.24,1084.19,1238.14,1392.09,1546.04,1699.99]"
"2IQN46UXFCD4ZA2JPS4STTKKU3EUS9"	"2DS9RNDWIOV1MKISZIKG013YDCAGV7"	"Judge the price!"	"A fun HIT (10-15 mins) asking you to judge the prices of various items."	"prices,survey,language,psychology,experiment"	"$0.80"	"Mon Apr 01 10:27:03 PDT 2013"	"20"	"0"	"0"	"20"	"Reviewable"	"NotReviewed"	"1 1"	"3600"	"60000"	"Tue Apr 02 03:07:03 PDT 2013"	"http://requester.mturk.com/mturk/manageHIT?HITId=2IQN46UXFCD4ZA2JPS4STTKKU3EUS9"	"22FQQ7Q67051KX2SN6TTWC112UKWCY"	"AJVHIAAVCY4HI"	"Approved"	"Tue Apr 02 04:02:19 PDT 2013"	"Mon Apr 01 10:37:37 PDT 2013"	"Mon Apr 01 11:22:19 PDT 2013"	"Mon Apr 01 15:32:14 PDT 2013"	""	""	""	""	"[""Beverly"",""Devin"",""Felix"",""Heather"",""Jessie"",""Leslie"",""Nell"",""Percy"",""Steph"",""Uri"",""Terrance"",""Randy"",""Owen"",""Morgan"",""Kasey"",""Iris"",""George"",""Ellis"",""Chris"",""Alex"",""Beverly"",""Devin"",""Felix"",""Heather"",""Jessie"",""Leslie"",""Nell"",""Percy"",""Steph"",""Uri"",""Terrance"",""Randy"",""Owen"",""Morgan"",""Kasey"",""Iris"",""George"",""Ellis"",""Chris"",""Alex"",""Beverly"",""Devin"",""Felix"",""Heather"",""Jessie"",""Leslie"",""Nell"",""Percy"",""Steph"",""Uri"",""Terrance"",""Randy"",""Owen"",""Morgan"",""Kasey"",""Iris"",""George"",""Ellis"",""Chris"",""Alex""]"	""""""	"""F"""	"2"	"""English"""	"[45,4,53,60,40,33,1,34,24,15,22,11,19,37,29,12,2,46,52,5,10,8,9,56,55,27,6,32,23,21,54,31,42,26,14,25,17,50,28,16,7,3,13,39,49,35,30,57,38,36,18,41,47,43,59,51,20,44,48,58]"	"[""electric kettle"",""electric kettle"",""electric kettle"",""electric kettle"",""electric kettle"",""electric kettle"",""electric kettle"",""electric kettle"",""electric kettle"",""electric kettle"",""coffee maker"",""coffee maker"",""coffee maker"",""coffee maker"",""coffee maker"",""coffee maker"",""coffee maker"",""coffee maker"",""coffee maker"",""coffee maker"",""headphones"",""headphones"",""headphones"",""headphones"",""headphones"",""headphones"",""headphones"",""headphones"",""headphones"",""headphones"",""sweater"",""sweater"",""sweater"",""sweater"",""sweater"",""sweater"",""sweater"",""sweater"",""sweater"",""sweater"",""watch"",""watch"",""watch"",""watch"",""watch"",""watch"",""watch"",""watch"",""watch"",""watch"",""laptop"",""laptop"",""laptop"",""laptop"",""laptop"",""laptop"",""laptop"",""laptop"",""laptop"",""laptop""]"	"""0"""	"[""27"",""22"",""23"",""25"",""24"",""24"",""23"",""26"",""25"",""24"",""23"",""23"",""14"",""24"",""24"",""24"",""24"",""25"",""15"",""22"",""25"",""19"",""23"",""23"",""23"",""24"",""22"",""16"",""25"",""23"",""24"",""25"",""25"",""24"",""24"",""24"",""24"",""25"",""24"",""23"",""23"",""23"",""15"",""27"",""26"",""25"",""26"",""25"",""24"",""24"",""23"",""25"",""25"",""26"",""24"",""24"",""24"",""27"",""26"",""24""]"	"""35"""	"[13.99,21.99,29.99,37.99,45.99,53.99,61.99,69.99,77.99,85.99,15.95,30.84,45.73,60.63,75.52,90.42,105.31,120.2,135.1,149.99,19.57,50.73,81.89,113.05,144.21,175.36,206.52,237.68,268.84,300,16.58,29.74,42.89,56.05,69.21,82.37,95.53,108.68,121.84,135,46.83,130.52,214.2,297.89,381.57,465.26,548.94,632.63,716.31,800,314.44,468.39,622.34,776.29,930.24,1084.19,1238.14,1392.09,1546.04,1699.99]"
